Title,Price,Date
Dr Martens Boots Stiefel,VB,2024-08-25
DocMartens 43,15 €,2024-08-25
Dr. Martens schwarz Schuhe,25 €,2024-08-25
Doctor Martens Sandale,35 €,2024-08-25
Dr Martens midhigh Stoffschuhe Gr. 43,50 €,2024-08-25
"Dr. Martens 1461, Gr. 43, schwarz",50 €,2024-08-25
Dr. Martens Dante Leder in Parchement Beige,52 €,2024-08-25
Dr. Martens GR.43 (Docs),60 € VB,2024-08-25
Dr. Martens,65 €,2024-08-25
Dr. Martens,65 €,2024-08-25
Dr.Martins Schuhe,65 € VB,2024-08-25
Doc Martens - weiß - 43 - fast neu,70 €,2024-08-25
"Dr. Martens, Air Waves, Vintage 2976",75 €,2024-08-25
"Dr. Martens rotbraune brogues in 43, wie neu",75 € VB,2024-08-25
Dr. Doc Martens Weiß Lack Glattleder Gr. 43 Bex 1460 Plateau,75 € VB,2024-08-25
Dr. Martens Stiefel,80 €,2024-08-25
Dr. Martens Stiefel Gr. 43 8 Eye Boot,80 €,2024-08-25
Dr Martens,80 € VB,2024-08-25
Dr.martens white 43,80 € VB,2024-08-25
Dr. Martens Monoschwarz,90 €,2024-08-25
Dr. Martens Kolbert,90 €,2024-08-25
"Dr. Martens 1461 Herrenschuhe UK 9,5 (43,5)",95 €,2024-08-25
Dr Martens 1460 Harper Black mit OVP,95 €,2024-08-25
Dr Martens 1460 RAINBOW PATENT,95 € VB,2024-08-25
Dr. Martens Stiefel Boots weiches Leder 1460 Pascal Gr. 43,99 €,2024-08-25
Dr. Martens 43 Weiches Leder Top Zustand,99 € VB,2024-08-25
Doc Martens 1461 Mono Black,100 € VB,2024-08-25
"Dr. Martens Combat Boot 10-Eye Ankle Boot 10934, Black, Leather",100 € VB,2024-08-25
Dr. Martens Adrian YS Burgundy UK9 / 43,100 € VB,2024-08-25
Dr.Martens Combs Tech II FL,100 € VB,2024-08-25
Gr. 42 (43) Doc Martens | Chelsea Boots Ambassador schwarz,110 € VB,2024-08-25
"NEU! DR. MARTENS 101 GR: 43 UVP: 179,95 € ORIGINAL BOOTS",110 € VB,2024-08-25
"Dr. Martens loafers Leoparden Muster, Größe 43 schwarz",115 €,2024-08-25
Dr. Martens Loafer Größe 43,120 €,2024-08-25
Dr. Martens / Doc Martens Unisex 1460 Pascal Bex DS Größe EU 43,120 € VB,2024-08-25
Dr. Martens 1460Z Boots Schuhe Made in ENGLAND Gr. 43 top Zustand,130 €,2024-08-25
Dr. Martens 2976 YS Chelsea Boots Crazy horse 43,130 €,2024-08-25
Neuwertige Dr. Martens Airwair 1460,130 € VB,2024-08-25
Dr. Martens Docs 101 BEX UB Schnürstiefel Leder Gr. 43,130 € VB,2024-08-25
Dr Martens 43/44 produziert in UK,135 € VB,2024-08-25
Dr Martens 2976 Chelsea Boots cherry Red rot unisex Gr 43 Neu,135 € VB,2024-08-25
Dr Martens mit Etikett Neu,150 €,2024-08-25
Dr. Martens Docs 101 BEX UB Schnürstiefel Leder Gr. 43 top,150 €,2024-08-25
Dr. Martens Airwair Gr. 44,150 €,2024-08-25
DR MARTENS STIEFEL TATTOO/NIETEN (43) *WIE NEU*,150 €,2024-08-25
Dr. Martens Halbschuhe AirWare mesh(!) 43 neu und ungetragen,150 €,2024-08-25
Dr. Martens Halbschuhe AirWare mesh(!) 43 neu und ungetragen,150 €,2024-08-25
Dr. Martens Jadon Max Leder dunkelrot Größe 43,150 € VB,2024-08-25
Dr Martens Größe 43 eu mit Diamanten,150 € VB,2024-08-25
Dr. Martens 1461 quad glattleder plattform Schuhe + Set ❗️,185 € VB,2024-08-25
"Dr Martens, 1460 made in UK9 (43/42) Vintage „Old Map“ 90‘s",195 € VB,2024-08-25
Rick Owens x Dr Martens 1460 DMXL Megalace,629 € VB,2024-08-25
Suche ! Dr.martens gr 43 (schwarz) made in england,666 € VB,2024-08-25
